<?xml version="1.0" encoding="UTF-8"?>
<!DOCTYPE mapper PUBLIC "-//mybatis.org//DTD Mapper 3.0//EN" 
"http://mybatis.org/dtd/mybatis-3-mapper.dtd">
<mapper namespace="board">
 <select id="list" resultType="board.dto.BoardDTO">
  select num,writer,subject,reg_date,readcount,filename,filesize,down,ip 
  from board 
  order by num desc
 </select>
 
 <!-- 게시물 저장 -->
 <insert id="insert">
insert into board
(num,writer,subject,passwd,ref,re_step,re_level,content,ip,filename,filesize)
values
( (select nvl(max(num)+1,1) from board)
 ,#{writer},#{subject},#{passwd}
 ,(select nvl(max(num)+1,1) from board)
 ,1,0,#{content},#{ip},#{filename},#{filesize})
 </insert>
 <select id="getFileName" resultType="String">
  select filename
  from board
  where num = #{num}
 </select>
 
 <update id="plusDown">
  update board set down=down+1 where num=#{num}
 </update>
 
 <!-- 게시물 상세 정보 -->
 <select id="view" resultType="board.dto.BoardDTO">
  select * from board
  where num=#{num}
 </select>
 
 <!-- 조회수 증가 처리 -->
 <update id="plusReadCount">
  update board set readcount=readcount+1
  where num=#{num}
 </update>
 
 <!-- 댓글 목록 -->
 <select resultType="board.dto.BoardCommentDTO" id="commentList">  
 select * from board_comment
 where board_num=#{num}
 </select>
 
 <!-- 댓글 쓰기 -->
 <insert id="commentAdd">
  insert into board_comment
  (comment_num,board_num,writer,content) values((select nvl(max(comment_num)+1,1) 
  from board_comment), #{board_num}, #{writer}, #{content})
 </insert>
</mapper>