<?xml version="1.0" encoding="UTF-8"?>
<!DOCTYPE mapper PUBLIC "-//mybatis.org//DTD Mapper 3.0//EN" 
"http://mybatis.org/dtd/mybatis-3-mapper.dtd">
<mapper namespace="guestbook">
 <select id="gbList" resultType="guestbook.dto.GuestBookDTO">
  select idx,name,email,content,post_date
  from guestbook
  where ${searchkey} like #{search}
  order by idx desc
 </select>
 
 <select id="gbListAll" resultType="guestbook.dto.GuestBookDTO">
  select idx,name,email,content,post_date
  from guestbook
  where name like #{search} or content like #{search}
  order by idx desc
 </select>
 
 
 <insert id="gbInsert">
  insert into guestbook (idx, name, email, passwd, content) values
  (guestbook_seq.nextval, #{name}, #{email}, #{passwd}, #{content}) 
 </insert>
 
 <select id="passwdCheck" resultType="int">
  select count(*) 
  from guestbook 
  where idx=#{idx} and passwd=#{passwd} 
 </select>
 
 <select id="gbDetail" parameterType="int" resultType="guestbook.dto.GuestBookDTO">
  select * from guestbook
  where idx=#{idx}
 </select>
 
 <update id="gbUpdate" parameterType="guestbook.dto.GuestBookDTO">
  update guestbook set
	name=#{name}, email=#{email}, passwd=#{passwd}, content=#{content} 
	where idx=#{idx}
 </update>
 
 <delete id="gbDelete" parameterType="int">
  delete from guestbook
  where idx=#{idx}
 </delete>

</mapper>