<?xml version="1.0" encoding="UTF-8"?>
<!DOCTYPE mapper PUBLIC "-//mybatis.org//DTD Mapper 3.0//EN" 
"http://mybatis.org/dtd/mybatis-3-mapper.dtd">
<mapper namespace="memo">
 <select id="listAll" resultType="memo.dto.MemoDTO">
  select idx,writer,memo,to_char(post_date,'yyyy-mm-dd hh24:mi:ss') post_date 
  from memo
  where writer like '%'|| #{search} ||'%' 
  or memo like '%'|| #{search} ||'%'
  order by idx desc <!-- 주의 : 쿼리문 끝에 세미콜론을 쓰면 안된다.  -->
 </select>
 <!-- 마이바티스의 변수처리 기호는 #또는 $를 쓸 수 있는데 값이 따옴표 쓰임의 유무에 따라 바꿔쓸 수 있다. -->
 <select id="list" resultType="memo.dto.MemoDTO">
  select idx,writer,memo,to_char(post_date,'yyyy-mm-dd hh24:mi:ss') post_date 
  from memo
  where ${searchkey} like '%'|| #{search} || '%' 
  order by idx desc
 </select>
 
 <select id="view" parameterType="int" resultType="memo.dto.MemoDTO">
 	select * from memo where idx = #{idx}
 </select>
 
 
 <!-- parameterType은 생략가능하다. -->
 <insert id="insert" parameterType="memo.dto.MemoDTO">
  insert into memo ( idx, writer, memo )
  values ( (select nvl( max(idx)+1, 1) from memo), #{writer}, #{memo})
 </insert>

 <update id="update" parameterType="memo.dto.MemoDTO">
  update memo set writer=#{writer}, memo=#{memo} where idx=#{idx}
 </update>
 
 <delete id="delete" parameterType="int">
  delete from memo
  where idx=#{idx} 
 </delete>
</mapper>